Code_du_departement;Libelle_du_departement;Candidat_gagnant_2017;Candidat_gagnant_2022;Nombre_voix_2017;Nombre_voix_2022;Taux_voix_exp_2017;Taux_voix_exp_2022;Inscrits_2017;Inscrits_2022;Abstentions_2017;Abstentions_2022;Votants_2017;Votants_2022;Blancs_2017;Blancs_2022;Nuls_2017;Nuls_2022;Exprimes_2017;Exprimes_2022;Taux_chomage_2017;Taux_chomage_2018;Taux_chomage_2019;Taux_chomage_2020;Taux_chomage_2021;Taux_chomage_2022;Effectifs_infirmiers_2017;Effectifs_infirmiers_2018;Effectifs_infirmiers_2019;Effectifs_infirmiers_2020;Effectifs_infirmiers_2021;Effectifs_infirmiers_2022;Effectifs_medecins_generalistes_2017;Effectifs_medecins_generalistes_2018;Effectifs_medecins_generalistes_2019;Effectifs_medecins_generalistes_2020;Effectifs_medecins_generalistes_2021;Effectifs_medecins_generalistes_2022;Moins_de_19_ans_2017;Moins_de_19_ans_2018;Moins_de_19_ans_2019;Moins_de_19_ans_2020;Moins_de_19_ans_2021;Moins_de_19_ans_2022;_20_a_39_ans_2017;_20_a_39_ans_2018;_20_a_39_ans_2019;_20_a_39_ans_2020;_20_a_39_ans_2021;_20_a_39_ans_2022;_40_a_59_ans_2017;_40_a_59_ans_2018;_40_a_59_ans_2019;_40_a_59_ans_2020;_40_a_59_ans_2021;_40_a_59_ans_2022;_60_a_74_ans_2017;_60_a_74_ans_2018;_60_a_74_ans_2019;_60_a_74_ans_2020;_60_a_74_ans_2021;_60_a_74_ans_2022;_75_ans_et_plus_2017;_75_ans_et_plus_2018;_75_ans_et_plus_2019;_75_ans_et_plus_2020;_75_ans_et_plus_2021;_75_ans_et_plus_2022;Nombre_habitants_2017;Nombre_habitants_2018;Nombre_habitants_2019;Nombre_habitants_2020;Nombre_habitants_2021;Nombre_habitants_2022;Nombre_hommes_2017;Nombre_hommes_2018;Nombre_hommes_2019;Nombre_hommes_2020;Nombre_hommes_2021;Nombre_hommes_2022;Nombre_femmes_2017;Nombre_femmes_2018;Nombre_femmes_2019;Nombre_femmes_2020;Nombre_femmes_2021;Nombre_femmes_2022
1;Ain;LE PEN_Marine;MACRON_Emmanuel;81455;92206;25;27.69;415909;438109;81530;97541;334379;340568;6342;5641;2239;1903;325798;333024;6,8;6,3;6,1;6,1;6;5,4;802;836;857;871;887;890;387;393;395;377;378;374;167436;167453;169629;170220;170271;170644;149167;150262;148849;149199;149203;149381;178495;178340;178829;180000;181355;182322;97596;99851;102281;104799;107080;108338;50656;51728;52844;53638;54123;56286;643350;647634;652432;657856;662032;666971;317292;319408;321857;324591;326615;329082;326058;328226;330575;333265;335417;337889
2;Aisne;LE PEN_Marine;LE PEN_Marine;102787;104342;35,67;39.25;375752;373544;80183;101089;295569;272455;5047;3767;2323;2828;288199;265860;13;12,4;11,7;11;11;10,4;720;752;776;816;821;834;347;325;320;319;321;313;135238;134403;133588;131255;129149;127328;117461;116346;115580;115693;114953;114151;141427;139838;137655;135894;134760;133577;91681;94077;95956;97798;99463;99174;48683;48652;48566;48734;48658;50493;534490;533316;531345;529374;526983;524723;260669;259868;259129;258373;257336;256436;273821;273448;272216;271001;269647;268287
3;Allier;MACRON_Emmanuel;LE PEN_Marine;45744;50315;23,73;27.06;253946;249991;54357;58497;199589;191494;4240;3749;2556;1790;192793;185955;9,7;9,4;8,9;8,5;8,2;7,6;532;555;552;568;587;606;239;236;231;229;223;219;69603;70025;69487;68639;67560;66707;63788;62473;62465;62570;62460;62330;89746;88566;87252;86107;85010;83969;69527;70752;71240;72513;73343;73059;45324;45355;45531;45799;46008;47435;337988;337171;335975;335628;334381;333500;161855;161712;161193;161148;160627;160328;176133;175459;174782;174480;173754;173172
4;Alpes-de-Haute-Provence;LE PEN_Marine;LE PEN_Marine;24463;26010;24,53;26.9;126578;128075;24323;29290;102255;98785;1806;1478;736;624;99713;96683;10,7;10,4;9,8;9,1;8,8;8,3;381;390;399;401;394;385;160;161;163;158;154;146;35009;34584;34831;34704;34388;34085;31172;30670;30297;30655;30769;30984;44555;44276;43729;43729;43593;43372;33484;34197;34647;35364;35918;35934;19695;20341;20804;20999;21162;21823;163915;164068;164308;165451;165830;166198;79837;79782;79843;80134;80258;80339;84078;84286;84465;85317;85572;85859
5;Hautes-Alpes;MACRON_Emmanuel;MACRON_Emmanuel;18948;20507;21,8;23.78;109907;113519;20821;25357;89086;88162;1541;1395;618;532;86927;86235;8,7;8,5;8;7,7;7,9;6,8;300;305;310;312;317;326;162;158;162;163;169;180;30987;30341;30595;29682;29152;28689;28300;27833;27481;27101;26792;26531;38863;38543;38222;37723;37359;36961;27167;28270;28898;29585;30250;30567;15967;15711;16024;16514;16677;17330;141284;140698;141220;140605;140230;140078;69103;68711;68958;68673;68488;68381;72181;71987;72262;71932;71742;71697
6;Alpes-Maritimes;LE PEN_Marine;LE PEN_Marine;163140;148919;27,75;26.65;761761;778582;161905;208250;599856;570332;9028;7550;2908;4007;587920;558775;9,8;9,4;8,8;8,8;8,6;7,4;2603;2628;2715;2777;2711;2646;1139;1135;1146;1137;1141;1133;230534;231034;233189;231865;231909;232495;239490;239120;239709;238190;237952;237601;286482;285842;287563;286952;287232;287591;193668;195649;197248;200202;203211;203151;133136;134574;136574;140201;141947;145395;1083310;1086219;1094283;1097410;1102251;1106233;512378;513618;517600;518860;520992;522592;570932;572601;576683;578550;581259;583641
7;Ard���che;LE PEN_Marine;LE PEN_Marine;45588;49594;23,13;25.18;249260;255859;46619;54114;202641;201745;3901;3311;1667;1459;197073;196975;10,1;9,8;9,1;8,7;8,6;8,1;574;615;636;656;663;666;253;249;238;237;225;231;72319;72319;73042;72242;71584;70808;62210;61951;61548;61483;61488;61678;89649;89001;88431;88061;87895;87456;64118;65918;67049;68701;69618;70096;37416;37417;38208;38838;39427;41176;325712;326606;328278;329325;330012;331214;158821;159354;160249;160890;161296;161883;166891;167252;168029;168435;168716;169331
8;Ardennes;LE PEN_Marine;LE PEN_Marine;47578;48242;32,41;36.02;194379;186197;44076;49368;150303;136829;2552;1909;948;984;146803;133936;11,1;10,4;10;9,6;9,5;9,4;374;385;401;418;426;434;228;226;223;217;212;204;64962;64051;63776;63202;62426;61547;58483;57851;57208;57010;56391;55834;74727;73710;72468;71450;70458;69516;48675;49775;50655;51785;52830;52936;26732;26458;26475;26254;26111;26857;273579;271845;270582;269701;268216;266690;133379;132765;132155;131685;130987;130280;140200;139080;138427;138016;137229;136410
9;Ari���ge;MÉLENCHON_Jean-Luc;M���LENCHON_Jean-Luc;25000;23908;26,77;26.07;117409;119039;21392;25028;96017;94011;1728;1532;901;775;93388;91704;11,5;11,2;10,7;9,8;9,7;9,4;383;385;404;413;415;412;142;137;131;130;129;125;31968;31454;31578;31842;31548;31198;29096;29180;28930;28877;28949;29077;41710;41437;41128;40807;40526;40257;30993;31611;32096;32967;33648;33811;19386;19384;19555;19461;19551;20081;153153;153066;153287;153954;154222;154424;75055;74920;75049;75280;75415;75549;78098;78146;78238;78674;78807;78875
10;Aube;LE PEN_Marine;LE PEN_Marine;48846;49316;30,33;32.95;203847;205551;38951;52384;164896;153167;2745;2339;1083;1158;161068;149670;12;11,4;10,7;10;10;9,5;302;320;322;329;349;356;199;202;197;189;188;188;75593;75858;75763;76308;76261;76193;69899;69747;69695;69712;69833;69895;79906;78955;78270;77760;77493;77056;53803;54638;55651;56161;56670;56340;30819;30822;30863;31494;31574;32699;310020;310020;310242;311435;311831;312183;150284;150587;150897;151572;151766;152017;159736;159433;159345;159863;160065;160166
11;Aude;LE PEN_Marine;LE PEN_Marine;60584;64027;28,26;30.14;272724;279927;52568;62972;220156;216955;3848;2962;1955;1567;214353;212426;12,7;12,3;11,5;10,7;10,8;10;841;853;872;890;889;896;327;323;318;316;311;308;80818;81039;81218;80030;79461;79163;71523;71508;71161;71304;71582;71633;98007;98189;97666;97644;97627;97400;75694;77756;78470;79649;80850;81025;44218;44314;45555;46590;47365;49109;370260;372806;374070;375217;376885;378330;177975;179178;179865;180223;180919;181548;192285;193628;194205;194994;195966;196782
12;Aveyron;MACRON_Emmanuel;MACRON_Emmanuel;45583;47430;25,83;27.75;218442;219468;36544;43833;181898;175635;3545;3079;1891;1654;176462;170902;6,9;6,6;6,4;6,1;6;5,7;619;631;646;663;679;688;226;221;221;219;215;219;57554;57301;57231;56530;55957;55395;52009;52269;52295;52232;52231;52285;75035;73851;73157;72656;72293;71806;56031;57338;58276;59408;60398;60503;38577;38515;38636;38728;38692;39650;279206;279274;279595;279554;279571;279639;137447;137772;138031;138076;138184;138312;141759;141502;141564;141478;141387;141327
13;Bouches-du-Rh���ne;LE PEN_Marine;LE PEN_Marine;286397;264753;27,28;26.25;1372396;1411184;300148;383816;1072248;1027368;16554;13341;5995;5407;1049699;1008620;11,3;10,9;10,1;9,4;9,2;8,8;5470;5577;5624;5657;5652;5605;2125;2117;2093;2107;2098;2100;483764;486679;485338;480858;480045;479334;489727;490502;491519;492111;491440;491709;528237;527275;527109;525822;526916;526834;328650;333387;338373;343846;348873;350503;193784;196514;200771;205433;207728;213539;2024162;2034357;2043110;2048070;2055002;2061919;967933;971641;976179;978242;981362;984454;1056229;1062716;1066931;1069828;1073640;1077465
14;Calvados;MACRON_Emmanuel;MACRON_Emmanuel;99720;120366;24,83;31.16;501153;512148;90313;117799;410840;394349;6292;5547;2926;2571;401622;386231;8,7;8,4;7,7;7,4;7;6,4;663;678;702;745;791;808;623;612;610;631;626;618;165746;164621;162591;163862;162712;161509;159523;159104;160230;159750;159461;159804;178375;176277;174958;174111;173842;173061;122166;125642;128048;131070;133257;133349;68192;68412;69078;68754;69398;72068;694002;694056;694905;697547;698670;699791;333593;333458;334053;335475;336028;336588;360409;360598;360852;362072;362642;363203
15;Cantal;MACRON_Emmanuel;MACRON_Emmanuel;24483;25038;26,74;28.42;117425;115745;22767;25019;94658;90726;2113;1803;979;821;91566;88102;5,7;5,3;4,9;4,8;4,3;4;268;277;275;289;300;315;126;128;126;125;123;128;27744;27601;27642;27489;27359;27323;25970;26084;25953;25970;25833;25574;40291;39623;39101;38682;38238;37824;30913;31574;32032;32473;33057;33111;20225;19883;19964;19765;19636;19971;145143;144765;144692;144379;144123;143803;70752;70732;70743;70550;70391;70217;74391;74033;73949;73829;73732;73586
16;Charente;MACRON_Emmanuel;MACRON_Emmanuel;49889;53126;25,07;27.57;259954;257608;54980;59909;204974;197699;3736;3293;2225;1740;199013;192666;8,9;8,6;8,1;7,8;7,4;6,9;368;386;395;405;423;445;247;244;237;228;215;211;74328;73907;73777;73729;73016;72430;70329;70259;70185;69854;69774;69842;95358;94263;93083;92170;91525;90632;69367;70889;72137;73292;74444;74528;42953;42460;42833;42673;42817;43851;352335;351778;352015;351718;351576;351283;170361;170289;170401;170468;170290;170190;181974;181489;181614;181250;181286;181093
17;Charente-Maritime;MACRON_Emmanuel;MACRON_Emmanuel;91392;113753;23,91;28.87;491374;519202;99354;116437;392020;402765;6836;5918;2916;2780;382268;394067;9,5;9;8,5;8,2;7,8;6,9;880;903;940;969;1000;1032;597;611;600;610;620;636;134043;132747;133325;133025;131520;130695;122829;122247;122894;122763;123379;123392;167871;167238;166669;167092;167662;168083;138803;142525;144367;147994;150729;150972;80757;82175;84103;84835;86089;89680;644303;646932;651358;655709;659379;662822;308520;309473;311553;313998;315648;317324;335783;337459;339805;341711;343731;345498
18;Cher;LE PEN_Marine;LE PEN_Marine;41753;44772;24,18;27.89;229014;224570;50941;59808;178073;164762;3996;3146;1394;1083;172683;160533;9,7;9,3;8,8;8,1;7,8;7,5;316;325;327;332;338;349;196;179;173;174;161;152;64938;64273;64020;63748;63121;62316;59510;59829;59382;59086;58642;58487;81889;80545;79185;77303;76348;75150;60872;62058;62735;63609;64183;64109;37047;36703;36984;37187;37252;38187;304256;303408;302306;300933;299546;298249;147447;146971;146487;145748;144981;144408;156809;156437;155819;155185;154565;153841
19;Corr���ze;MACRON_Emmanuel;MACRON_Emmanuel;39218;33125;26,93;23.23;185277;185032;34299;38430;150978;146602;3427;2517;1937;1485;145614;142600;7,5;7,2;6,7;6,5;6,4;6,1;509;527;542;564;566;564;173;168;163;156;150;148;48547;49052;48851;47715;46990;46352;46354;44760;44534;44920;44873;44830;64361;63724;62906;62169;61621;60794;49521;50647;51304;51819;52629;52562;32681;32400;32478;32567;32463;33252;241464;240583;240073;239190;238576;237790;117094;116698;116542;116370;116127;115835;124370;123885;123531;122820;122449;121955
21;C���te-d'Or;MACRON_Emmanuel;MACRON_Emmanuel;67436;80734;23,65;28.55;360654;366859;68674;77886;291980;288973;5134;4577;1721;1651;285125;282745;7,8;7,4;6,9;6,3;5,9;5,6;480;495;499;521;529;535;432;446;454;457;463;460;123924;123485;121319;121391;120441;119221;130268;129273;131123;130590;130591;130925;138306;136741;135882;134840;134406;133729;89799;91590;93345;95117;96547;96708;51522;52131;52455;53140;53290;55203;533819;533220;534124;535078;535275;535786;257436;257203;257672;258325;258471;258633;276383;276017;276452;276753;276804;277153
22;C���tes-d'Armor;MACRON_Emmanuel;MACRON_Emmanuel;104969;113656;27,99;31.02;455960;471752;71620;96597;384340;375155;6362;5722;3009;3040;374969;366393;8,3;7,9;7,4;7,1;6,9;6,3;906;931;951;980;997;1026;455;437;439;446;444;440;135511;135403;135520;135016;133829;133175;111633;110570;110460;111650;112010;111937;157667;156760;154801;154303;154101;154118;120461;123667;125800;128600;130784;130813;73542;73184;74001;74071;74487;76825;598814;599584;600582;603640;605211;606868;289020;289558;290210;291617;292542;293460;309794;310026;310372;312023;312669;313408
23;Creuse;MACRON_Emmanuel;LE PEN_Marine;15807;16772;22,5;25.09;93113;90946;19917;21967;73196;68979;1950;1388;995;743;70251;66848;8,5;8,5;7,9;7,1;7;7;283;289;291;300;314;314;102;93;92;98;93;86;21831;21401;21350;21077;20767;20494;19824;19576;19407;19333;19153;19002;32376;31653;30818;30267;29673;29147;26758;27399;27751;28255;28624;28488;17849;17474;17291;17063;16833;17011;118638;117503;116617;115995;115050;114142;57645;57003;56671;56420;56000;55536;60993;60500;59946;59575;59050;58606
24;Dordogne;MÉLENCHON_Jean-Luc;LE PEN_Marine;57132;63327;22,97;25.68;314020;318168;57520;64856;256500;253312;5047;3636;2743;3120;248710;246556;9,7;9,1;8,5;8;7,6;7,2;729;758;773;786;809;816;309;315;303;296;291;284;80370;80149;79907;78537;77532;76603;72735;72172;71872;71907;71845;71651;112070;110612;109005;108152;107147;106115;91473;93765;95062;97034;98608;98482;56958;56720;57377;57177;57554;59137;413606;413418;413223;412807;412686;411988;199412;199116;198951;198874;198855;198440;214194;214302;214272;213933;213831;213548
25;Doubs;LE PEN_Marine;MACRON_Emmanuel;66635;76338;23,45;27.55;368401;368379;76199;84117;292202;284262;5807;4989;2216;2176;284179;277097;8,3;7,7;7,6;7,5;7,2;6,5;556;571;582;606;603;608;495;489;476;475;480;487;134822;135001;134289;134249;133865;133746;132863;133044;133859;133374;133237;132834;137172;136886;137043;136952;137322;137493;85497;87227;89019;90093;91212;91480;48713;49296;49764;50541;50994;52905;539067;541454;543974;545209;546630;548458;263935;264919;266147;266907;267608;268440;275132;276535;277827;278302;279022;280018
26;Dr���me;LE PEN_Marine;MACRON_Emmanuel;68996;72228;23,9;24.78;369489;382188;73213;84289;296276;297899;5467;4577;2069;1898;288740;291424;10,1;9,8;9,2;8,6;8,5;7,9;1014;1045;1071;1078;1071;1066;420;426;435;428;430;421;124963;125305;125880;124373;123387;122504;110056;110592;109862;109858;110117;110534;135234;135259;134688;134309;134437;134384;90188;91694;93255;94958;96296;96540;51112;51882;53077;54211;55184;57357;511553;514732;516762;517709;519421;521319;248121;249360;250326;251120;251877;252839;263432;265372;266436;266589;267544;268480
27;Eure;LE PEN_Marine;LE PEN_Marine;98717;102952;29,31;32.29;427533;432198;82218;106463;345315;325735;6006;5085;2534;1789;336775;318861;9,5;9,1;8,4;8;7,7;7;465;487;495;503;538;551;372;373;363;352;335;340;156208;154355;154485;153451;151773;150218;132440;131241;129469;129760;128628;127745;163765;162318;160800;159746;159329;158568;99494;102304;104372;106165;108131;108443;49936;49744;50381;50546;50543;52451;601843;599962;599507;599668;598404;597425;293592;292455;292287;292003;291268;290509;308251;307507;307220;307665;307136;306916
28;Eure-et-Loir;LE PEN_Marine;LE PEN_Marine;58886;61960;25,08;28.16;301466;303888;60474;78960;240992;224928;4533;3489;1680;1418;234779;220021;8,9;8,5;8,2;7,4;7,1;6,7;309;320;329;337;349;360;250;255;241;236;228;228;109709;109180;109734;108818;107740;106858;94209;92652;91478;91490;90822;89986;116219;115433;114712;114316;113954;113656;72180;73809;75040;76406;77551;77517;40916;40923;40611;40413;40445;41553;433233;431997;431575;431443;430512;429570;211809;211107;211056;210906;210414;210026;221424;220890;220519;220537;220098;219544
29;Finist���re;MACRON_Emmanuel;MACRON_Emmanuel;164094;174894;29,45;32.21;690570;709701;120636;154870;569934;554831;9452;8692;3298;3220;557184;542919;8,2;7,8;7,3;7;6,7;6,1;1901;1934;1987;2032;1987;1979;800;813;832;852;857;871;207998;206203;205052;203935;201697;199882;193066;192667;193345;192640;192878;192998;243412;242379;240737;239130;238701;238154;165954;172354;176336;180934;185388;186977;98598;98132;99620;100540;101615;105389;909028;911735;915090;917179;920279;923400;441776;442893;444710;445793;447273;448840;467252;468842;470380;471386;473006;474560
30;Gard;LE PEN_Marine;LE PEN_Marine;123273;121480;29,3;29.34;537939;555038;107277;132723;430662;422315;7032;5840;2948;2496;420682;413979;12,6;12,2;11,7;10,7;10,5;9,9;1894;1914;1944;1927;1899;1854;609;606;599;589;569;558;173500;172854;172903;172000;170707;169269;156678;155052;155037;154370;153873;153954;199453;198358;197144;196244;196154;195938;138776;142084;144276;147375;149974;150502;75771;77110;79077;81468;82801;85834;744178;745458;748437;751457;753509;755497;358644;359172;360685;362114;363119;363970;385534;386286;387752;389343;390390;391527
31;Haute-Garonne;MACRON_Emmanuel;MACRON_Emmanuel;190021;196712;26,43;26.91;906653;930321;171295;183366;735358;746955;11389;10129;5098;5847;718871;730979;9,2;8,6;8,1;8;8,1;7,4;2095;2136;2172;2196;2250;2241;1317;1321;1337;1374;1364;1371;332102;334809;332599;334342;337803;342224;388074;392831;400154;404123;406177;408104;351728;354905;360448;363352;368411;372761;185809;191581;197529;201899;207645;210603;104959;106546;109309;112041;114232;118849;1362672;1380672;1400039;1415757;1434268;1452541;663824;672721;682192;689143;697849;706456;698848;707951;717847;726614;736419;746085
32;Gers;MACRON_Emmanuel;MACRON_Emmanuel;27775;28970;23,4;24.89;144959;147278;23027;28267;121932;119011;2166;1762;1083;850;118683;116399;7,2;6,7;6,4;6;6,1;5,7;383;392;407;402;407;401;160;159;150;140;132;139;38779;38779;38964;38857;38464;38130;33509;33263;33029;32745;32894;33056;52905;52691;51989;51902;51431;51019;39634;40492;41172;42023;42935;43037;26264;26058;26223;26292;26435;27311;191091;191283;191377;191819;192159;192553;93128;93278;93311;93464;93653;93857;97963;98005;98066;98355;98506;98696
33;Gironde;MACRON_Emmanuel;MACRON_Emmanuel;222282;256179;26,13;28.72;1086968;1158548;216588;249014;870380;909534;13904;12367;5661;5147;850815;892020;9,4;8,8;8,1;7,6;7,3;6,6;3140;3233;3296;3300;3281;3185;1568;1582;1606;1651;1688;1722;373459;376552;376615;377168;378671;381004;403013;407185;413300;416214;419828;422968;417998;420836;426496;427660;432657;437558;250311;256861;263610;268466;274672;276750;138603;140411;143728;146883;149497;155475;1583384;1601845;1623749;1636391;1655325;1673755;760828;767909;778757;784489;793379;801873;822556;833936;844992;851902;861946;871882
34;H���rault;LE PEN_Marine;LE PEN_Marine;161119;165734;25,7;25.95;800342;847365;159318;195766;641024;651599;10049;8867;4131;4004;626844;638728;13;12,6;11,8;11,1;10,8;10,1;2675;2654;2640;2643;2607;2600;1159;1171;1183;1176;1170;1178;266739;267831;268486;270415;273321;276341;280097;283928;288803;291020;292841;294667;288842;290753;294040;296380;299789;302678;198318;203414;206870;210451;214337;215605;110896;113294;117424;120707;123620;129183;1144892;1159220;1175623;1188973;1203908;1218474;547170;553676;561691;567664;574780;581731;597722;605544;613932;621309;629128;636743
35;Ille-et-Vilaine;MACRON_Emmanuel;MACRON_Emmanuel;181373;205882;30,26;34.5;730142;771636;116720;161427;613422;610209;9978;9511;4109;3866;599335;596832;7,2;6,8;6,4;6,5;5,8;5,4;1079;1122;1165;1186;1209;1225;874;880;914;922;924;928;274838;274994;273671;273721;273748;274467;269042;270249;273977;276346;277789;278841;274019;276079;278649;279244;282012;284713;152200;156750;161130;165901;170272;171808;90100;91156;92071;93643;95253;99143;1060199;1069228;1079498;1088855;1099074;1108972;517764;522136;527097;531762;536825;541627;542435;547092;552401;557093;562249;567345
36;Indre;LE PEN_Marine;LE PEN_Marine;31985;34516;24,43;28.53;170409;166100;34911;41406;135498;124694;3081;2451;1483;1246;130934;120997;9,1;8,8;8,2;7,9;7,6;7,1;283;292;295;298;297;309;151;141;135;135;127;127;45367;44714;44524;43760;42925;42397;39848;39446;39202;39250;39429;39236;59953;58871;57644;56768;55809;54950;46592;47188;47502;48357;48740;48426;30472;30376;30444;30572;30475;31232;222232;220595;219316;218707;217378;216241;107128;106506;105943;105617;105022;104460;115104;114089;113373;113090;112356;111781
37;Indre-et-Loire;MACRON_Emmanuel;MACRON_Emmanuel;83165;101503;24,47;30.99;428871;440502;80171;105536;348700;334966;6210;5437;2585;2039;339905;327490;8,5;8,1;7,7;7,2;6,9;6,5;541;561;564;568;580;584;489;492;498;507;519;535;144821;144640;143147;142233;141433;141030;138934;138953;140671;141670;142231;142478;157289;156620;156061;155330;155422;155492;102641;105350;107358;109147;110962;111153;62826;62197;62842;63739;64071;65954;606511;607760;610079;612119;614119;616107;291480;292166;293264;294531;295532;296606;315031;315594;316815;317588;318587;319501
38;Is���re;MACRON_Emmanuel;MACRON_Emmanuel;164089;180533;24,77;26.85;856508;885440;177674;198676;678834;686764;12030;10990;4297;3478;662507;672296;7,8;7,4;6,9;6,6;6,5;5,9;1744;1787;1805;1851;1906;1905;1019;1026;1032;1050;1036;1028;323997;325547;324439;324217;323128;322152;304304;302743;304113;304085;304848;305254;334014;333755;334609;334922;335835;337021;191177;194621;198715;202600;206185;207554;105230;106897;109290;111689;112530;116520;1258722;1263563;1271166;1277513;1282526;1288501;617719;618894;622732;626204;628527;631282;641003;644669;648434;651309;653999;657219
39;Jura;LE PEN_Marine;LE PEN_Marine;36110;38179;24,14;26.29;190332;190597;36524;41634;153808;148963;3168;2625;1071;1111;149569;145227;6,8;6,4;6,1;5,8;5,4;5,1;270;291;299;307;308;311;219;215;217;210;200;206;60292;59452;59399;58462;57423;56471;52496;52372;51802;51821;51692;51414;70717;70048;69256;68534;68202;67751;47775;48809;49491;50324;50904;51120;28908;29065;29251;29657;29770;30548;260188;259746;259199;258798;257991;257304;126825;126743;126486;126202;125836;125516;133363;133003;132713;132596;132155;131788
40;Landes;MACRON_Emmanuel;MACRON_Emmanuel;61073;69459;24,63;26.92;310197;329337;55411;65654;254786;263683;4847;4033;1948;1600;247991;258050;9;8,5;8;7,7;7,5;6,9;693;739;774;811;834;845;375;372;381;390;396;392;87147;87450;88325;88101;87584;87239;79670;79027;78391;79002;79286;79525;112790;113146;113329;113677;114411;114908;80939;83798;85564;87980;90268;91168;46898;46934;48081;49362;50123;52389;407444;410355;413690;418122;421672;425229;197405;198906;200516;202867;204716;206422;210039;211449;213174;215255;216956;218807
41;Loir-et-Cher;LE PEN_Marine;MACRON_Emmanuel;48662;50480;25,12;27.92;245321;244718;46325;59350;198996;185368;3692;3181;1566;1377;193738;180810;8;7,7;7,2;6,6;6,4;6;318;324;328;341;343;357;232;225;220;215;205;194;75552;74719;74769;74367;73532;72696;64806;63857;63363;63270;62934;62602;89163;87797;86581;85889;85184;84550;62324;64089;65014;66189;67115;66847;40070;39786;39743;39642;39506;40693;331915;330248;329470;329357;328271;327388;161185;160355;159968;160088;159610;159199;170730;169893;169502;169269;168661;168189
42;Loire;LE PEN_Marine;MACRON_Emmanuel;94222;104003;24,08;26.95;510806;513794;108835;118592;401971;395202;7841;6664;2763;2600;391367;385938;9,2;8,7;8,3;7,9;7,6;7,1;1305;1342;1424;1475;1519;1522;603;599;605;597;601;603;187457;186655;186413;186751;185915;185063;168977;168755;169748;168982;169429;169719;193817;192450;191521;191050;191017;190749;130668;133076;134956;137388;138498;138030;82022;82505;82996;84337;84253;87117;762941;763441;765634;768508;769112;770678;368406;369007;370491;372211;372949;373964;394535;394434;395143;396297;396163;396714
43;Haute-Loire;MACRON_Emmanuel;LE PEN_Marine;32819;38629;23,51;27.66;177158;180706;32875;37000;144283;143706;3324;2837;1385;1214;139574;139655;7,4;7,1;6,6;6,3;6;5,6;426;440;454;465;485;508;186;192;193;197;188;193;51342;51356;51643;50912;50251;49614;44138;43703;43342;43404;43408;43378;62612;62106;61421;60562;60174;59875;43389;44555;45228;46456;47322;47405;25802;25832;25936;26155;25956;26825;227283;227552;227570;227489;227111;227097;111745;111765;111856;111959;111877;111864;115538;115787;115714;115530;115234;115233
44;Loire-Atlantique;MACRON_Emmanuel;MACRON_Emmanuel;232602;256609;28,66;31.98;993538;1056693;162601;236339;830937;820354;14632;13373;4848;4559;811457;802422;7,6;7,2;6,8;6,8;6,4;5,7;1017;1039;1079;1113;1164;1206;1145;1166;1192;1226;1239;1242;357100;360864;362765;362743;363690;365238;349527;351986;354475;359109;362426;366542;361658;365159;369175;371254;376706;380446;210861;217315;223700;230164;236062;239070;115763;117178;119157;121901;123622;128892;1394909;1412502;1429272;1445171;1462506;1480188;677074;686191;694689;703027;711851;720918;717835;726311;734583;742144;750655;759270
45;Loiret;LE PEN_Marine;MACRON_Emmanuel;83662;97004;23,53;28.92;452607;457550;87974;114468;364633;343082;6397;5512;2664;2148;355572;335422;9,1;8,7;8,4;7,6;7,3;7,1;512;519;547;559;576;605;423;412;412;405;388;384;173136;172229;172390;171534;171116;170502;156451;156517;156257;155521;155409;155634;175939;175101;174058;174099;173823;173456;109871;112334;114381;116614;118443;118351;62708;62664;63348;64536;65149;67138;678105;678845;680434;682304;683940;685081;329868;330521;331416;332281;333166;333812;348237;348324;349018;350023;350774;351269
46;Lot;MACRON_Emmanuel;MACRON_Emmanuel;29527;27311;26,65;24.97;136305;139278;22305;27164;114000;112114;1914;1767;1301;957;110785;109390;8,8;8,6;8,3;8;7,8;7,3;382;379;390;398;412;415;143;138;142;141;131;120;32986;32509;32673;33054;32852;32646;29737;30008;29811;29574;29406;29408;46942;46319;45498;45217;44971;44567;39064;40203;40876;42034;42810;42951;25099;24890;25236;24791;24868;25624;173828;173929;174094;174670;174907;175196;84272;84448;84483;84882;85150;85416;89556;89481;89611;89788;89757;89780
47;Lot-et-Garonne;LE PEN_Marine;LE PEN_Marine;47271;50290;25,03;27.32;240931;241304;46805;52907;194126;188397;3660;2793;1644;1502;188822;184102;9,3;8,9;8,5;7,9;7,9;7,4;575;582;592;608;621;626;225;215;209;207;202;190;71826;71418;71365;70820;70260;69572;65061;64486;64030;63346;62922;62484;87257;86302;85274;84532;83839;83253;66134;67081;67537;68778;69572;69306;42564;42683;43065;43368;43396;44565;332842;331970;331271;330844;329989;329180;159976;159362;159178;158925;158435;157955;172866;172608;172093;171919;171554;171225
48;Loz���re;FILLON_François;MACRON_Emmanuel;10986;10739;22,82;22.85;59508;59812;9949;11680;49559;48132;854;741;558;395;48147;46996;6;5,8;5,4;5,2;5,1;4,6;119;128;131;137;145;146;58;58;60;62;58;56;16073;15840;15793;16026;15930;15861;15135;15040;15037;14981;14950;14886;20978;20843;20579;20490;20285;20115;15042;15453;15754;16035;16412;16512;9373;9344;9441;9101;9016;9198;76601;76520;76604;76633;76593;76572;38124;38223;38293;38258;38271;38284;38477;38297;38311;38375;38322;38288
49;Maine-et-Loire;MACRON_Emmanuel;MACRON_Emmanuel;121685;157063;26,51;35.59;569425;589263;97038;136866;472387;452397;9769;8072;3662;2983;458956;441342;8,5;8,1;7,6;7,5;7;6,5;657;674;709;723;768;776;695;689;699;722;726;728;211025;209703;206741;207680;206028;205012;187029;188167;190480;189876;189823;189509;207052;206621;205971;205145;205531;205615;128430;131502;134876;138103;141369;142477;79957;79890;80205;79909;80301;83201;813493;815883;818273;820713;823052;825814;396219;396861;397943;398780;399736;400995;417274;419022;420330;421933;423316;424819
50;Manche;MACRON_Emmanuel;MACRON_Emmanuel;74798;92642;24,85;32.57;379104;384613;70202;93460;308902;291153;5639;4747;2285;1948;300978;284458;7,2;6,8;6,1;6;5,5;5,1;631;657;704;747;770;786;335;328;332;332;315;322;110739;109307;108878;108243;107017;105910;99275;98932;98363;98580;98074;97664;132430;131144;129122;128269;127166;125915;94205;96835;98778;101478;103639;104324;60234;59765;59904;58523;58578;59833;496883;495983;495045;495093;494474;493646;242224;241869;241475;241823;241597;241347;254659;254114;253570;253270;252877;252299
51;Marne;LE PEN_Marine;LE PEN_Marine;82473;83756;28,07;30.56;381693;380644;81261;101010;300432;279634;4767;3826;1896;1702;293769;274106;8,8;8,5;7,9;7,7;7,5;7,1;491;533;548;563;579;609;458;465;463;470;463;472;139867;138877;136557;136379;135055;134156;140937;139628;140530;139751;139329;138574;146816;145671;144293;143029;142179;141572;91944;94146;96048;97985;99459;99175;49331;49140;49427;49515;49663;51547;568895;567462;566855;566659;565685;565024;275573;274685;274327;274197;273613;273236;293322;292777;292528;292462;292072;291788
52;Haute-Marne;LE PEN_Marine;LE PEN_Marine;34027;34331;33,22;36.6;134148;129389;28769;33273;105379;96116;2120;1489;819;819;102440;93808;8,6;8,1;7,5;7,2;6,7;6,3;206;210;213;220;224;233;136;132;122;119;106;99;37648;36995;36638;36290;35500;34814;36094;35772;35189;34986;34728;34445;47248;46339;45251;44203;43486;42783;34196;34634;35135;36032;36452;36189;20454;20329;20299;20287;20114;20650;175640;174069;172512;171798;170280;168881;86003;85278;84500;84245;83549;82897;89637;88791;88012;87553;86731;85984
53;Mayenne;FILLON_François;MACRON_Emmanuel;48772;60755;27,06;36.4;222325;224722;36392;52812;185933;171910;4111;3483;1590;1519;180232;166908;6,2;5,8;5,6;5,8;5,3;5;263;263;270;287;295;306;187;184;181;182;178;171;77944;77080;76958;76439;75316;74436;63622;63339;63144;63013;62979;62858;80704;80136;79650;78871;78825;78582;51467;52628;53681;54922;56032;56204;33708;33901;33629;33293;32891;33639;307445;307084;307062;306538;306043;305719;151383;151290;151368;151448;151394;151439;156062;155794;155694;155090;154649;154280
54;Meurthe-et-Moselle;LE PEN_Marine;LE PEN_Marine;98194;97243;25,86;27.49;495091;492057;106595;130919;388496;361138;6469;5092;2361;2246;379666;353800;9,3;8,7;8;7,6;7,5;7;770;805;819;844;844;873;634;635;631;640;639;626;175266;174635;170660;170446;169044;167853;187184;186560;188939;187468;186579;185197;187745;186852;185508;183737;183135;182518;116702;119096;122274;124651;126753;127052;66584;66326;66379;66288;65879;67773;733481;733469;733760;732590;731390;730393;356534;356141;356616;355765;355152;354618;376947;377328;377144;376825;376238;375775
55;Meuse;LE PEN_Marine;LE PEN_Marine;34602;34588;32,32;35.11;137634;134805;27855;34092;109779;100713;1907;1509;827;691;107045;98513;9;8,6;7,9;7,4;7,5;7,2;220;226;235;233;241;249;145;146;137;129;132;132;43458;42369;42030;41034;40121;39230;39510;38754;38281;38111;37696;37123;50443;49560;48494;47662;46846;46186;34413;35401;36090;37014;37644;37711;19363;19271;19188;19180;18858;19376;187187;185355;184083;183001;181165;179626;92612;91795;91108;90547;89724;89031;94575;93560;92975;92454;91441;90595
56;Morbihan;MACRON_Emmanuel;MACRON_Emmanuel;130639;152740;27,86;32.68;577012;608972;96113;130520;480899;478452;8518;7959;3546;3119;468835;467374;8,4;7,9;7,3;6,9;6,5;5,8;1432;1479;1537;1564;1541;1572;638;652;658;664;672;681;171357;170149;170877;170119;169032;167890;148089;147676;147814;148181;147984;148022;202270;201790;200366;199749;199926;199836;145578;150923;154824;159944;164315;165900;83569;84329;85803;86168;87360;91319;750863;754867;759684;764161;768617;772967;363866;366028;368421;370746;373016;375278;386997;388839;391263;393415;395601;397689
57;Moselle;LE PEN_Marine;LE PEN_Marine;158552;159254;28,35;30.37;751271;745914;177501;210299;573770;535615;11146;7943;3398;3353;559226;524319;9,6;8,8;8,2;7,8;7,9;7,2;1609;1648;1691;1731;1709;1674;799;791;783;764;759;757;235585;235742;235229;234744;233246;231897;250982;249415;248242;248658;247861;246513;289298;286633;284029;281406;279896;278501;172203;176226;181955;187284;192594;195422;95454;95508;97088;97063;96015;98215;1043522;1043524;1046543;1049155;1049612;1050548;510604;510533;511897;512868;513028;513345;532918;532991;534646;536287;536584;537203
58;Ni���vre;LE PEN_Marine;LE PEN_Marine;29815;32838;24,76;29.2;159426;154186;35468;38850;123958;115336;2533;1957;1011;938;120414;112441;8,4;7,7;7,3;6,8;6,7;6,6;229;241;241;251;265;271;137;136;131;124;123;118;40669;40398;40251;39249;38608;37974;36800;36498;36327;35870;35414;34950;54249;53009;51697;50694;49881;49205;46176;46751;47059;47807;48260;47841;29288;29172;29118;29050;28854;29409;207182;205828;204452;202670;201017;199379;99650;99053;98375;97432;96625;95770;107532;106775;106077;105238;104392;103609
59;Nord;LE PEN_Marine;LE PEN_Marine;382030;373127;28,22;29.27;1804668;1813906;417073;514033;1387595;1299873;24060;17416;9732;7676;1353803;1274781;12,2;11,9;11;10;9,8;9,3;3458;3619;3800;3930;4010;4057;2318;2306;2277;2272;2251;2224;693966;692671;683615;681029;675191;669638;677232;673277;675244;670937;669093;665972;658463;655256;652471;649696;649383;649527;379023;390899;401458;409543;416384;416401;195677;194131;195558;196541;197284;205627;2604361;2606234;2608346;2607746;2607335;2607165;1257416;1257055;1258483;1258351;1258115;1257583;1346945;1349179;1349863;1349395;1349220;1349582
60;Oise;LE PEN_Marine;LE PEN_Marine;135176;132873;30,88;32.27;562085;564121;113254;142081;448831;422040;8040;6324;2998;4002;437793;411714;9,4;9;8,3;8,1;7,8;7,4;629;642;672;692;712;743;503;487;481;474;465;468;218587;218343;219073;219240;218289;217040;197394;197245;194990;193935;193419;193273;224990;224255;223576;222628;222339;222004;124793;127588;131226;133072;135462;135846;58739;59722;60554;60824;61051;63566;824503;827153;829419;829699;830560;831729;403495;404358;405394;405522;405861;406328;421008;422795;424025;424177;424699;425401
61;Orne;FILLON_François;MACRON_Emmanuel;41084;46005;24,74;30.48;208734;205538;38340;50935;170394;154603;3176;2586;1161;1067;166057;150950;8,6;8,3;7,8;7,5;7,1;6,6;327;332;333;355;363;372;198;173;165;165;169;167;63732;62508;61935;61124;59983;58846;53981;53506;53416;52770;52320;51880;74412;73312;71794;70712;69753;68902;55582;56993;57641;58705;59525;59175;35665;35274;35156;35164;35019;35792;283372;281593;279942;278475;276600;274595;137972;137049;136333;135868;134994;134076;145400;144544;143609;142607;141606;140519
62;Pas-de-Calais;LE PEN_Marine;LE PEN_Marine;286147;305816;34,35;38.68;1090368;1093723;234194;286319;856174;807404;15351;10601;7671;6150;833152;790653;11,5;11,1;10,3;9,4;8,9;8,3;2237;2391;2511;2604;2610;2623;1167;1150;1136;1132;1126;1103;382288;379377;375783;372334;367851;363483;344112;341727;340065;336837;334864;332479;385392;382408;378410;376108;374466;373320;235695;243716;250437;256550;261667;261970;120531;119515;120583;120338;120490;125336;1468018;1466743;1465278;1462167;1459338;1456588;711096;711224;710990;708146;706851;705670;756922;755519;754288;754021;752487;750918
63;Puy-de-D���me;MACRON_Emmanuel;MACRON_Emmanuel;96797;100134;27,15;28.0;460939;468103;93325;100869;367614;367234;7751;6938;3286;2709;356577;357587;8,2;7,8;7,3;7;6,8;6,3;880;897;937;976;994;1019;552;558;558;568;572;575;146785;148868;147582;148914;148944;148925;153485;155024;156611;154149;154432;154943;172422;171835;171427;170049;170172;170044;115843;118028;120192;122037;123301;123117;65207;65293;66340;66703;67340;69767;653742;659048;662152;661852;664189;666796;316235;318966;320633;320439;321645;322899;337507;340082;341519;341413;342544;343897
64;Pyr���n���es-Atlantiques;MACRON_Emmanuel;MACRON_Emmanuel;103958;111610;26,28;27.8;502378;519929;97357;110134;405021;409795;6685;5816;2683;2489;395653;401490;7,8;7,5;7;6,7;6,3;5,7;1445;1479;1528;1544;1561;1578;645;650;655;669;689;715;145926;145314;145039;145229;144582;144169;143876;143878;143567;143772;143847;143811;184748;184189;183835;183720;183943;184255;123094;125785;128566;132502;135799;137174;79665;80644;81614;82017;82749;85250;677309;679810;682621;687240;690920;694659;325328;325813;327138;329822;331642;333517;351981;353997;355483;357418;359278;361142
65;Hautes-Pyr���n���es;MACRON_Emmanuel;MACRON_Emmanuel;35002;33692;25,08;24.98;177498;177443;34243;39595;143255;137848;2420;2064;1294;896;139541;134888;10,3;9,7;9,3;9,1;8,7;8;579;574;596;601;605;616;219;206;204;193;188;185;46579;46673;46597;46080;45666;45349;43043;43322;43590;44216;44606;44901;61966;61371;60592;59781;59515;58959;46588;47449;48227;49010;49862;50145;30354;30376;30561;30701;30494;31050;228530;229191;229567;229788;230143;230404;109927;110172;110536;110827;111064;111255;118603;119019;119031;118961;119079;119149
66;Pyr���n���es-Orientales;LE PEN_Marine;LE PEN_Marine;80169;87930;30,05;32.74;347914;362076;73984;87704;273930;274372;4563;3528;2580;2276;266787;268568;14,3;14,1;13,6;12,6;12,3;11,6;1289;1301;1313;1312;1314;1301;501;493;507;498;488;483;104276;104440;105202;105134;104587;104312;94922;94292;94518;94208;94162;94186;122725;122865;122835;123424;124250;124651;94053;95475;96735;99498;101387;102055;58476;59285;60689;60501;61265;63175;474452;476357;479979;482765;485651;488379;225328;226418;228134;229129;230321;231456;249124;249939;251845;253636;255330;256923
67;Bas-Rhin;LE PEN_Marine;MACRON_Emmanuel;147595;177069;24,69;30.7;766548;778712;154353;190224;612195;588488;9796;8335;4613;3434;597786;576719;8,1;7,5;7,1;7;6,8;6,2;1476;1538;1590;1650;1628;1645;1120;1138;1141;1145;1141;1145;263421;264503;262031;261999;261488;261617;285907;287419;290095;291811;292893;293146;306663;305980;304896;304346;304599;304864;173691;178528;183997;189691;196163;199589;95877;97122;99038;100226;99569;102561;1125559;1133552;1140057;1148073;1154712;1161777;547552;551193;554619;558656;561879;565155;578007;582359;585438;589417;592833;596622
68;Haut-Rhin;LE PEN_Marine;MACRON_Emmanuel;109704;107248;27,16;27.85;526189;531738;110395;137861;415794;393877;9073;6382;2811;2386;403910;385109;9;8,3;8;8;7,8;6,9;729;754;780;820;845;871;574;560;558;550;531;528;180585;179434;179574;177923;176232;174493;175742;174826;173820;173599;172984;172261;214027;212390;211031;210065;209331;208623;124654;127960;131260;135009;138704;140417;69022;70371;71401;71246;70385;72702;764030;764981;767086;767842;767636;768496;374414;374700;375928;376731;376841;377267;389616;390281;391158;391111;390795;391229
69;Rh���ne;MACRON_Emmanuel;MACRON_Emmanuel;236151;278243;26,58;30.61;1155668;1181226;249139;255580;906529;925646;10643;12708;7402;3925;888484;909013;8,4;8;7,6;7,3;7,1;6,4;2427;2502;2576;2566;2622;2572;1594;1624;1649;1666;1682;1675;474630;480311;477028;475784;476739;478127;519880;522227;529610;529554;531700;533360;449456;452894;457565;459354;463313;466863;248744;251471;256446;260079;264271;265641;150609;152621;155098;158666;159403;164634;1843319;1859524;1875747;1883437;1895426;1908625;886273;894109;902305;906819;912774;919203;957046;965415;973442;976618;982652;989422
70;Haute-Sa���ne;LE PEN_Marine;LE PEN_Marine;43753;46618;31,36;34.6;179214;177715;34976;39039;144238;138676;2820;2364;1896;1573;139522;134739;8,6;8;7,7;7,1;6,7;6,4;274;288;294;297;307;313;182;179;171;175;168;171;55110;54623;54564;54226;53228;52473;47196;46897;46341;46060;45739;45431;65223;64494;63626;63152;62761;62194;44825;45797;46454;47276;47939;47976;24305;24207;24328;23887;23826;24545;236659;236018;235313;234601;233493;232619;116497;116168;115830;115458;114813;114264;120162;119850;119483;119143;118680;118355
71;Sa���ne-et-Loire;LE PEN_Marine;MACRON_Emmanuel;75257;82633;24,28;27.61;406418;402992;86755;95369;319663;307623;6844;5923;2870;2400;309949;299300;8,3;7,8;7,5;7;6,6;6,4;737;781;809;812;841;843;374;372;360;340;332;328;121334;120524;120605;119364;118029;116910;107273;106092;105652;105136;104809;104309;147628;145993;143671;142651;141508;140320;109115;111543;113018;114830;116196;115939;68245;68033;68547;69082;68925;71048;553595;552185;551493;551063;549467;548526;268754;268077;267676;267937;267348;267094;284841;284108;283817;283126;282119;281432
72;Sarthe;FILLON_François;MACRON_Emmanuel;92261;83876;28,61;28.24;405440;411308;73578;105454;331862;305854;7288;6694;2132;2098;322442;297062;9;8,6;8,3;8,2;7,7;7,1;401;416;438;461;490;525;349;346;333;315;321;322;140684;139292;138884;137645;136128;135275;120200;119741;119787;120127;120276;120024;148473;147316;146120;145416;144768;144057;97083;99654;101358;103365;105275;105646;60066;59960;60263;60440;60621;62051;566506;565963;566412;566993;567068;567053;275500;275361;275616;275958;276072;276200;291006;290602;290796;291035;290996;290853
73;Savoie;MACRON_Emmanuel;MACRON_Emmanuel;55871;64689;23,13;26.26;310256;320709;62767;68929;247489;251780;4226;3931;1704;1491;241559;246358;7,3;6,8;6,4;6,4;6,5;5,3;515;531;551;572;595;606;446;450;444;458;470;475;101386;101084;101399;101734;102038;102244;97709;98419;98123;99305;99061;99237;118959;118863;118933;118813;119271;119416;71858;73569;75402;77117;78791;79699;41262;41789;42577;42781;42738;44276;431174;433724;436434;439750;441899;444872;211107;212344;213723;215660;216652;218024;220067;221380;222711;224090;225247;226848
74;Haute-Savoie;FILLON_François;MACRON_Emmanuel;105050;130422;25,41;30.53;540031;565665;116267;129384;423764;436281;7726;6918;2551;2224;413487;427139;6,8;6,5;6,2;6,4;6,5;5,5;606;636;655;664;674;688;686;677;700;710;711;717;200499;202232;205999;206680;207610;209281;208091;208236;205916;209281;210399;211357;222608;225818;228638;229535;232276;234507;116120;118565;121974;124221;126761;128343;60042;61848;63567;65489;66629;69527;807360;816699;826094;835206;843675;853015;396367;401731;406528;410764;415191;419867;410993;414968;419566;424442;428484;433148
75;Paris;MACRON_Emmanuel;MACRON_Emmanuel;375006;372820;34,83;35.34;1301637;1368025;210200;296668;1091437;1071357;10627;11028;4253;5267;1076557;1055062;7,4;7;6,5;6,5;6,5;5,8;1491;1530;1561;1571;1566;1497;1766;1787;1820;1813;1800;1773;422752;417262;410686;405280;399063;393712;736749;733438;726942;715136;708931;704194;550917;545609;545962;539898;536725;531569;309022;309851;311637;312314;312543;308926;168086;169441;170196;173278;173842;179301;2187526;2175601;2165423;2145906;2131104;2117702;1029185;1023850;1019593;1008889;1001421;994423;1158341;1151751;1145830;1137017;1129683;1123279
76;Seine-Maritime;LE PEN_Marine;MACRON_Emmanuel;170945;179698;24,9;27.95;881658;879252;177294;222147;704364;657105;14085;10982;3753;3158;686526;642965;10,6;10,1;9,4;9,1;8,6;7,9;1233;1302;1352;1400;1479;1520;980;966;973;962;965;957;311142;310600;307407;305272;302786;300330;300856;300839;301326;300887;300835;300350;322287;319410;316697;312908;310669;308809;205818;211282;215524;219642;222948;223287;114275;113752;114679;116030;117096;121510;1254378;1255883;1255633;1254739;1254334;1254286;602660;603954;604186;604167;604286;604611;651718;651929;651447;650572;650048;649675
77;Seine-et-Marne;MACRON_Emmanuel;M���LENCHON_Jean-Luc;157373;170969;23,11;25.87;881558;899303;183302;223172;698256;676131;13074;11057;4289;4145;680893;660929;7,5;7,3;6,9;6,9;7,2;6,7;1053;1082;1112;1149;1184;1204;774;760;743;733;717;711;392026;393043;393446;391431;390229;389523;358391;358280;356822;358578;359555;360526;381646;382008;383444;384056;385073;385885;186117;191412;197468;202623;207929;210359;85817;87773;90017;91948;93293;98096;1403997;1412516;1421197;1428636;1436079;1444389;683444;687763;692027;695444;698763;702314;720553;724753;729170;733192;737316;742075
78;Yvelines;MACRON_Emmanuel;MACRON_Emmanuel;219061;246062;28,86;33.41;951148;961245;177485;211708;773663;749537;10841;9601;3896;3430;758926;736506;7;6,9;6,5;6,4;6,7;6,4;734;723;755;775;802;841;904;901;887;880;860;868;388195;388835;390066;387059;386469;386190;348287;346011;343618;345225;344871;344940;393546;395070;396389;394362;394424;394538;200398;201779;206302;208723;211896;211766;107840;109703;111832;114354;115192;119878;1438266;1441398;1448207;1449723;1452852;1457312;699583;701591;705320;705390;706624;708633;738683;739807;742887;744333;746228;748679
79;Deux-S���vres;MACRON_Emmanuel;MACRON_Emmanuel;57826;68446;26,97;32.94;272404;273214;50961;59403;221443;213811;4631;3839;2414;2168;214398;207804;7,2;6,8;6,2;6;5,6;5,3;374;389;400;407;420;428;248;256;249;247;252;248;87366;86639;86985;86209;85413;84715;75325;74876;74183;74110;73728;73551;101829;101341;100485;100068;99686;99339;67157;68935;70169;71867;73475;73706;42674;43008;43056;42227;42126;42831;374351;374799;374878;374481;374428;374142;183000;183405;183479;183547;183581;183552;191351;191394;191399;190934;190847;190590
80;Somme;LE PEN_Marine;LE PEN_Marine;97081;98024;30,37;32.79;409014;410056;80489;102687;328525;307369;6124;4837;2765;3614;319636;298918;11,3;10,8;10;9,4;9,1;8,7;651;664;686;693;718;735;487;488;482;487;493;488;141940;140106;137387;137272;135528;133870;136520;135482;136707;135172;134732;134036;148753;147183;145971;144084;143210;142448;94670;97084;99162;100895;101843;101454;50560;50807;51332;51325;51559;53470;572443;570662;570559;568748;566872;565278;277901;276866;276879;276034;275097;274168;294542;293796;293680;292714;291775;291110
81;Tarn;LE PEN_Marine;LE PEN_Marine;52402;56543;22,42;24.6;291194;298178;50507;62818;240687;235360;4296;3451;2634;2067;233757;229842;10;9,6;8,9;8,2;8;7,8;926;948;966;971;984;973;329;321;317;312;296;295;86518;86150;86209;85576;84958;84364;75696;75557;75570;75277;75254;75368;104249;104029;103443;102743;102554;102436;72862;74408;75826;77679;79333;79714;48565;48452;48796;49791;50229;51554;387890;388596;389844;391066;392328;393436;186590;187317;188002;188705;189323;189881;201300;201279;201842;202361;203005;203555
82;Tarn-et-Garonne;LE PEN_Marine;LE PEN_Marine;39183;42183;26,69;28.93;183350;188706;32631;39625;150719;149081;2551;2169;1367;1092;146801;145820;10,8;10,4;9,6;9;9,2;8,6;540;560;577;588;580;574;200;203;200;201;194;196;63172;62908;63612;63608;63374;63114;53361;52871;52408;52594;52530;52867;69988;69860;70092;70262;70575;70807;44786;46167;46997;48084;49193;49506;27042;27318;27560;27768;27832;28592;258349;259124;260669;262316;263504;264886;126252;126824;127677;128327;128950;129702;132097;132300;132992;133989;134554;135184
83;Var;LE PEN_Marine;LE PEN_Marine;186376;183287;30,43;30.61;794777;820904;169107;211212;625670;609692;9858;7803;3374;3159;612438;598730;10,2;9,8;9,1;8,5;8,1;7,4;2866;2945;3016;3050;3012;2976;970;962;953;952;929;946;225082;225566;226819;225243;224276;224541;216385;216657;216973;219523;221506;222508;278203;278368;278856;278463;279358;279694;210234;213976;216148;220155;223713;224340;128836;133130;137915;141805;145274;150991;1058740;1067697;1076711;1085189;1094127;1102074;508079;512983;517135;521051;525238;528992;550661;554714;559576;564138;568889;573082
84;Vaucluse;LE PEN_Marine;LE PEN_Marine;95937;89413;30,55;29.43;402134;411607;80585;101650;321549;309957;5589;4350;1915;1742;314045;303865;12;11,6;11;10,3;10,1;9,5;1120;1151;1182;1198;1184;1146;463;464;466;464;459;452;134438;133502;133918;132417;131854;131359;120540;120181;119385;119523;119015;118455;149002;147575;147008;146620;146375;145742;99208;101238;102496;103815;104824;105182;56291;57297;58662;59566;60632;62577;559479;559793;561469;561941;562700;563315;268660;268461;269306;269863;270280;270516;290819;291332;292163;292078;292420;292799
85;Vend���e;MACRON_Emmanuel;MACRON_Emmanuel;109989;149587;26,26;35.64;514461;550963;82887;120547;431574;430416;8280;7312;4465;3395;418829;419709;7,1;6,7;6,5;6,5;5,9;5,2;610;626;658;673;701;723;445;439;425;434;442;431;157879;157453;159489;159544;158596;157694;136320;135542;134440;133938;133939;133999;176598;176879;177039;177826;178793;179800;130514;135253;137950;142876;146973;148136;73936;74864;76524;78521;80269;84492;675247;679991;685442;692705;698570;704121;329501;332006;334651;338518;341340;344057;345746;347985;350791;354187;357230;360064
86;Vienne;MACRON_Emmanuel;MACRON_Emmanuel;59146;67831;24,88;29.28;307014;306011;62127;68304;244887;237707;4741;4053;2398;2002;237748;231652;7,6;7,4;6,9;6,6;6,4;5,9;376;386;381;396;422;432;371;373;367;374;375;384;103451;103034;101159;101593;101503;100948;101111;101295;102996;103292;102990;103220;110957;109725;109135;108502;108269;108025;74612;76662;78127;79214;80586;80703;46745;46870;47018;46731;46813;47972;436876;437586;438435;439332;440161;440868;210854;211284;211793;211880;212316;212678;226022;226302;226642;227452;227845;228190
87;Haute-Vienne;MACRON_Emmanuel;MACRON_Emmanuel;55577;54951;26,67;27.19;266322;263742;50620;55484;215702;208258;4478;3787;2810;2353;208414;202118;8,7;8,2;7,7;7,3;6,9;6,5;633;660;696;717;721;723;389;391;383;369;359;358;81286;80528;79244;78763;78033;77196;79617;79497;80241;80301;79992;79748;97917;96567;95361;94461;93672;93072;70980;72226;73010;74243;75325;74823;44626;44381;44503;44355;44465;45887;374426;373199;372359;372123;371487;370726;178405;177678;177412;177625;177302;176894;196021;195521;194947;194498;194185;193832
88;Vosges;LE PEN_Marine;LE PEN_Marine;63924;65646;29,12;32.23;282612;277913;56393;68914;226219;208999;4720;3431;1997;1874;219502;203694;10;9,4;8,9;8,3;8;7,4;390;406;425;436;441;468;297;296;297;290;285;283;81961;80989;80347;78912;77239;75879;73979;73383;72727;72253;71723;70996;100137;99007;97115;95255;94149;92972;70611;72239;73794;75560;76681;76494;40985;40494;40516;40417;40123;41523;367673;366112;364499;362397;359915;357864;178763;178205;177564;176519;175443;174476;188910;187907;186935;185878;184472;183388
89;Yonne;LE PEN_Marine;LE PEN_Marine;52640;55164;28,52;31.25;241918;237957;52739;57549;189179;180408;3404;2715;1222;1182;184553;176511;8,7;8,2;7,8;7,3;7,1;6,7;424;418;422;423;435;438;188;181;186;186;177;172;77718;76966;76782;75790;74688;73506;67286;66591;65694;65474;64891;64256;90056;89056;87604;86749;86127;85612;65004;66656;67386;68033;68743;68261;38227;38235;38241;38110;38171;39382;338291;337504;335707;334156;332620;331017;164833;164249;163479;162813;162111;161328;173458;173255;172228;171343;170509;169689
90;Territoire de Belfort;LE PEN_Marine;LE PEN_Marine;19249;19061;26,89;27.37;95340;93724;21608;22238;73732;71486;1400;1242;758;590;71574;69654;9,6;9,2;9;9,1;9;8,2;143;151;153;157;163;170;101;97;103;102;96;96;33980;34528;34367;33730;32989;32219;35074;33435;33142;32571;32186;31863;37578;37453;36926;36345;36149;35730;22991;23425;23880;24233;24484;24537;12999;13011;13003;13241;13168;13568;142622;141852;141318;140120;138976;137917;70795;70500;70274;69545;69002;68512;71827;71352;71044;70575;69974;69405
91;Essonne;MACRON_Emmanuel;M���LENCHON_Jean-Luc;163389;167310;26,21;28.12;795227;799500;157440;192200;637787;607300;10240;8954;4065;3405;623482;594941;7,2;7;6,6;6,7;6,7;6,4;858;886;924;973;1002;998;729;708;712;717;722;692;356565;356240;356326;353924;353229;352698;336198;334101;332142;334377;334605;335155;347644;346512;346586;345360;344646;343667;167806;170319;175448;178127;181855;183079;87917;89469;91157;94330;94557;97820;1296130;1296641;1301659;1306118;1308892;1312419;634413;635012;637449;639827;641551;643628;661717;661629;664210;666291;667341;668791
92;Hauts-de-Seine;MACRON_Emmanuel;MACRON_Emmanuel;256687;287494;32,3;37.11;986730;997667;176715;208790;810015;788877;12689;11841;2568;2294;794758;774742;7,1;6,9;6,5;6,4;6,6;5,9;681;706;700;713;743;770;974;959;936;932;923;920;402708;404893;407745;402101;399770;398146;461396;463749;456431;457041;457441;457931;426784;429758;433477;434343;436639;437983;200869;203771;209354;212763;217222;219125;117549;116949;117350;119965;120098;123905;1609306;1619120;1624357;1626213;1631170;1637090;765837;770284;773208;774623;776821;779373;843469;848836;851149;851590;854349;857717
93;Seine-Saint-Denis;MÉLENCHON_Jean-Luc;M���LENCHON_Jean-Luc;184037;266632;34,03;49.09;766302;793929;210699;239927;555603;554002;10304;7607;4422;3244;540877;543151;12;11,7;10,9;10,6;10,9;10,2;839;882;885;909;930;951;840;836;818;807;779;759;473039;477029;482256;481326;482291;482107;471049;472117;466414;468566;469947;472292;413251;413404;418395;421163;423951;426987;182706;187119;193328;198676;202924;204532;83066;83008;84510;85691;85743;87727;1623111;1632677;1644903;1655422;1664856;1673645;798724;802642;808994;816324;821005;825538;824387;830035;835909;839098;843851;848107
94;Val-de-Marne;MACRON_Emmanuel;M���LENCHON_Jean-Luc;172202;192427;28,33;32.67;785540;796086;164068;195409;621472;600677;9925;8501;3760;3118;607787;589058;8,4;8,1;7,5;7,4;7,7;7,2;780;814;854;892;920;919;813;804;793;800;808;810;359413;361739;363674;359613;359029;358920;388307;392938;391237;391400;392985;394535;366355;366200;368834;367580;368442;369562;176682;179117;185187;189325;193539;194560;97169;96919;98192;100054;99786;102827;1387926;1396913;1407124;1407972;1413781;1420404;667468;671618;676960;678047;681230;684515;720458;725295;730164;729925;732551;735889
95;Val-d'Oise;MACRON_Emmanuel;M���LENCHON_Jean-Luc;138993;175666;25,31;33.17;730497;733529;167560;192853;562937;540676;10090;8027;3688;3064;549159;529585;9,5;9,2;8,5;8,5;8,7;8,1;801;813;865;915;954;973;703;693;673;673;668;647;351331;356597;360037;356934;357476;358589;328428;328957;327422;327413;328166;328905;322682;322940;324670;323792;325143;326706;154421;158350;164650;169170;172902;174280;71756;71737;72895;74495;74830;77991;1228618;1238581;1249674;1251804;1258517;1266471;595911;601387;607316;609521;613025;617210;632707;637194;642358;642283;645492;649261
96;Corse-du-Sud;LE PEN_Marine;LE PEN_Marine;20857;20139;28,62;29.25;108781;113918;33758;42366;75023;71552;1208;1130;948;1561;72867;68861;9,1;8,3;7,7;7,7;6,5;5,8;491;504;521;535;536;543;133;138;132;135;140;136;31171;31894;32361;32605;32708;33021;34842;34697;34039;34415;33905;33518;44325;43747;43830;44280;44734;45062;29237;29209;29552;30336;31065;31385;17674;18306;18725;19178;19460;19938;157249;157853;158507;160814;161872;162924;76152;76225;76531;77757;78261;78740;81097;81628;81976;83057;83611;84184
97;Haute-Corse;LE PEN_Marine;LE PEN_Marine;22183;21998;27,22;28.02;124862;129114;40894;48263;83968;80851;1506;1463;954;877;81508;78511;9,7;9,4;8,5;7,9;7;6,4;644;664;686;712;711;704;143;140;141;144;149;152;36689;37126;36975;36319;36293;36231;41322;42227;42502;42626;42620;42869;48079;48631;48796;48880;49259;49482;32659;33288;33595;34619;35458;35934;18940;19429;20065;20443;20855;21390;177689;180701;181933;182887;184485;185906;86784;88480;89114;89278;90002;90670;90905;92221;92819;93609;94483;95236